,total, wrote, labeled, unlabeled, opened, closed, reopened, self, edited
AlexDaniel, 211, 97, 76, 7, 13, 15, 2, , 7
JJ, 104, 47, 36, 2, , , , 20, 2
jonathanstowe, 66, 48, 8, 1, , 4, , 9, 
Leont, 16, 8, , , , , , 2, 8
Scimon, 13, 8, 4, , , , , 3, 1
Kaiepi, 10, 4, 4, , , 1, , 4, 
man, 9, 4, 6, , , , , , 
lukasvalle, 7, 5, 3, 1, , 1, 1, 1, 
lizmat, 7, 7, , , , 1, 1, , 
timo, 6, 3, 4, , , , , , 
dwarring, 6, 6, , , , , , 1, 1
atweiden, 5, 3, 3, , , , , , 1
shlomif, 4, 2, 2, , , , , 2, 
vendethiel, 3, 3, , , , , , , 1
ufobat, 3, 3, , , , , , , 
masak, 3, 3, 1, , , , , 1, 
CurtTilmes, 3, 3, 1, , , , , 1, 1
Xliff, 2, , 2, 1, , , , 1, 
PowellDean, 2, 2, , , , , , , 
titsuki, 2, 2, , , , , , , 
jnthn, 2, 2, 1, , , , , , 
g, 2, 2, , , , , , 1, 
nkh, 2, 2, , , , , , , 
cygx, 1, 1, , , , , , , 
FCO, 1, 1, 1, , , 1, , , 
bduggan, 1, 1, , , , , , , 
colomon, 1, 1, , , , , , , 
niner, 1, 1, , , , , , , 
bbkr, 1, 1, , , , , , , 
thundergnat, 1, 1, , , , , , , 
MasterDuke17, 1, 1, , , , , , , 
ryn1x, 1, 1, , , , , , , 
Skarsnik, 1, 1, , , , , , , 
viklund, 1, 1, , , , , , , 
holzer, 1, 1, , , , , , , 
dogbert17, 1, 1, , , , , , , 
erickjordan, 1, 1, 1, , , , , , 1
